{
  "sensor": "BBm1",
  "time": 26031974,
  "data": [
    48.756080,
    2.302038
  ]
}
